Brand Naming Rule,Naming Logic
Keep it short and simple,"Short names are easier to remember and type, e.g., 'NamerAI'"
Make it easy to spell and pronounce,"Avoid complex spellings, e.g., 'Brandify' is easy to spell and pronounce"
Ensure it is unique and memorable,"Ensure uniqueness by blending words or using AI-generated names, e.g., 'NameGenius'"
Check domain name availability,"Check if the .com domain is available before finalizing the name, e.g., 'NameBot'"
Avoid numbers and special characters,"Avoid special characters or numbers, making it easy to type, e.g., 'AIBrandLab'"
Make it relevant to the industry,"Make the name relevant to AI and branding, e.g., 'NameCraft'"
Ensure it’s legally available (trademark check),"Check trademarks to avoid legal issues, e.g., 'BrandForge'"
Consider international appeal,"Ensure it works well in different languages, avoiding difficult phonetics, e.g., 'BrandSmith'"
Use positive connotations,"Use words with positive associations, e.g., 'NameNest'"
Ensure it aligns with brand values,"Align the name with your brand's vision, e.g., 'NameElevate'"
Keep it short and simple,"Short names are easier to remember and type, e.g., 'NamerAI'"
Make it easy to spell and pronounce,"Avoid complex spellings, e.g., 'Brandify' is easy to spell and pronounce"
Ensure it is unique and memorable,"Ensure uniqueness by blending words or using AI-generated names, e.g., 'NameGenius'"
Check domain name availability,"Check if the .com domain is available before finalizing the name, e.g., 'NameBot'"
Avoid numbers and special characters,"Avoid special characters or numbers, making it easy to type, e.g., 'AIBrandLab'"
Make it relevant to the industry,"Make the name relevant to AI and branding, e.g., 'NameCraft'"
Ensure it’s legally available (trademark check),"Check trademarks to avoid legal issues, e.g., 'BrandForge'"
Consider international appeal,"Ensure it works well in different languages, avoiding difficult phonetics, e.g., 'BrandSmith'"
Use positive connotations,"Use words with positive associations, e.g., 'NameNest'"
Ensure it aligns with brand values,"Align the name with your brand's vision, e.g., 'NameElevate'"
Keep it short and simple,"Short names are easier to remember and type, e.g., 'NamerAI'"
Make it easy to spell and pronounce,"Avoid complex spellings, e.g., 'Brandify' is easy to spell and pronounce"
Ensure it is unique and memorable,"Ensure uniqueness by blending words or using AI-generated names, e.g., 'NameGenius'"
Check domain name availability,"Check if the .com domain is available before finalizing the name, e.g., 'NameBot'"
Avoid numbers and special characters,"Avoid special characters or numbers, making it easy to type, e.g., 'AIBrandLab'"
Make it relevant to the industry,"Make the name relevant to AI and branding, e.g., 'NameCraft'"
Ensure it’s legally available (trademark check),"Check trademarks to avoid legal issues, e.g., 'BrandForge'"
Consider international appeal,"Ensure it works well in different languages, avoiding difficult phonetics, e.g., 'BrandSmith'"
Use positive connotations,"Use words with positive associations, e.g., 'NameNest'"
Ensure it aligns with brand values,"Align the name with your brand's vision, e.g., 'NameElevate'"
Keep it short and simple,"Short names are easier to remember and type, e.g., 'NamerAI'"
Make it easy to spell and pronounce,"Avoid complex spellings, e.g., 'Brandify' is easy to spell and pronounce"
Ensure it is unique and memorable,"Ensure uniqueness by blending words or using AI-generated names, e.g., 'NameGenius'"
Check domain name availability,"Check if the .com domain is available before finalizing the name, e.g., 'NameBot'"
Avoid numbers and special characters,"Avoid special characters or numbers, making it easy to type, e.g., 'AIBrandLab'"
Make it relevant to the industry,"Make the name relevant to AI and branding, e.g., 'NameCraft'"
Ensure it’s legally available (trademark check),"Check trademarks to avoid legal issues, e.g., 'BrandForge'"
Consider international appeal,"Ensure it works well in different languages, avoiding difficult phonetics, e.g., 'BrandSmith'"
Use positive connotations,"Use words with positive associations, e.g., 'NameNest'"
Ensure it aligns with brand values,"Align the name with your brand's vision, e.g., 'NameElevate'"
Keep it short and simple,"Short names are easier to remember and type, e.g., 'NamerAI'"
Make it easy to spell and pronounce,"Avoid complex spellings, e.g., 'Brandify' is easy to spell and pronounce"
Ensure it is unique and memorable,"Ensure uniqueness by blending words or using AI-generated names, e.g., 'NameGenius'"
Check domain name availability,"Check if the .com domain is available before finalizing the name, e.g., 'NameBot'"
Avoid numbers and special characters,"Avoid special characters or numbers, making it easy to type, e.g., 'AIBrandLab'"
Make it relevant to the industry,"Make the name relevant to AI and branding, e.g., 'NameCraft'"
Ensure it’s legally available (trademark check),"Check trademarks to avoid legal issues, e.g., 'BrandForge'"
Consider international appeal,"Ensure it works well in different languages, avoiding difficult phonetics, e.g., 'BrandSmith'"
Use positive connotations,"Use words with positive associations, e.g., 'NameNest'"
Ensure it aligns with brand values,"Align the name with your brand's vision, e.g., 'NameElevate'"
Keep it short and simple,"Short names are easier to remember and type, e.g., 'NamerAI'"
Make it easy to spell and pronounce,"Avoid complex spellings, e.g., 'Brandify' is easy to spell and pronounce"
Ensure it is unique and memorable,"Ensure uniqueness by blending words or using AI-generated names, e.g., 'NameGenius'"
Check domain name availability,"Check if the .com domain is available before finalizing the name, e.g., 'NameBot'"
Avoid numbers and special characters,"Avoid special characters or numbers, making it easy to type, e.g., 'AIBrandLab'"
Make it relevant to the industry,"Make the name relevant to AI and branding, e.g., 'NameCraft'"
Ensure it’s legally available (trademark check),"Check trademarks to avoid legal issues, e.g., 'BrandForge'"
Consider international appeal,"Ensure it works well in different languages, avoiding difficult phonetics, e.g., 'BrandSmith'"
Use positive connotations,"Use words with positive associations, e.g., 'NameNest'"
Ensure it aligns with brand values,"Align the name with your brand's vision, e.g., 'NameElevate'"
Keep it short and simple,"Short names are easier to remember and type, e.g., 'NamerAI'"
Make it easy to spell and pronounce,"Avoid complex spellings, e.g., 'Brandify' is easy to spell and pronounce"
Ensure it is unique and memorable,"Ensure uniqueness by blending words or using AI-generated names, e.g., 'NameGenius'"
Check domain name availability,"Check if the .com domain is available before finalizing the name, e.g., 'NameBot'"
Avoid numbers and special characters,"Avoid special characters or numbers, making it easy to type, e.g., 'AIBrandLab'"
Make it relevant to the industry,"Make the name relevant to AI and branding, e.g., 'NameCraft'"
Ensure it’s legally available (trademark check),"Check trademarks to avoid legal issues, e.g., 'BrandForge'"
Consider international appeal,"Ensure it works well in different languages, avoiding difficult phonetics, e.g., 'BrandSmith'"
Use positive connotations,"Use words with positive associations, e.g., 'NameNest'"
Ensure it aligns with brand values,"Align the name with your brand's vision, e.g., 'NameElevate'"
Keep it short and simple,"Short names are easier to remember and type, e.g., 'NamerAI'"
Make it easy to spell and pronounce,"Avoid complex spellings, e.g., 'Brandify' is easy to spell and pronounce"
Ensure it is unique and memorable,"Ensure uniqueness by blending words or using AI-generated names, e.g., 'NameGenius'"
Check domain name availability,"Check if the .com domain is available before finalizing the name, e.g., 'NameBot'"
Avoid numbers and special characters,"Avoid special characters or numbers, making it easy to type, e.g., 'AIBrandLab'"
Make it relevant to the industry,"Make the name relevant to AI and branding, e.g., 'NameCraft'"
Ensure it’s legally available (trademark check),"Check trademarks to avoid legal issues, e.g., 'BrandForge'"
Consider international appeal,"Ensure it works well in different languages, avoiding difficult phonetics, e.g., 'BrandSmith'"
Use positive connotations,"Use words with positive associations, e.g., 'NameNest'"
Ensure it aligns with brand values,"Align the name with your brand's vision, e.g., 'NameElevate'"
Keep it short and simple,"Short names are easier to remember and type, e.g., 'NamerAI'"
Make it easy to spell and pronounce,"Avoid complex spellings, e.g., 'Brandify' is easy to spell and pronounce"
Ensure it is unique and memorable,"Ensure uniqueness by blending words or using AI-generated names, e.g., 'NameGenius'"
Check domain name availability,"Check if the .com domain is available before finalizing the name, e.g., 'NameBot'"
Avoid numbers and special characters,"Avoid special characters or numbers, making it easy to type, e.g., 'AIBrandLab'"
Make it relevant to the industry,"Make the name relevant to AI and branding, e.g., 'NameCraft'"
Ensure it’s legally available (trademark check),"Check trademarks to avoid legal issues, e.g., 'BrandForge'"
Consider international appeal,"Ensure it works well in different languages, avoiding difficult phonetics, e.g., 'BrandSmith'"
Use positive connotations,"Use words with positive associations, e.g., 'NameNest'"
Ensure it aligns with brand values,"Align the name with your brand's vision, e.g., 'NameElevate'"
Keep it short and simple,"Short names are easier to remember and type, e.g., 'NamerAI'"
Make it easy to spell and pronounce,"Avoid complex spellings, e.g., 'Brandify' is easy to spell and pronounce"
Ensure it is unique and memorable,"Ensure uniqueness by blending words or using AI-generated names, e.g., 'NameGenius'"
Check domain name availability,"Check if the .com domain is available before finalizing the name, e.g., 'NameBot'"
Avoid numbers and special characters,"Avoid special characters or numbers, making it easy to type, e.g., 'AIBrandLab'"
Make it relevant to the industry,"Make the name relevant to AI and branding, e.g., 'NameCraft'"
Ensure it’s legally available (trademark check),"Check trademarks to avoid legal issues, e.g., 'BrandForge'"
Consider international appeal,"Ensure it works well in different languages, avoiding difficult phonetics, e.g., 'BrandSmith'"
Use positive connotations,"Use words with positive associations, e.g., 'NameNest'"
Ensure it aligns with brand values,"Align the name with your brand's vision, e.g., 'NameElevate'"
Keep it short and simple,"Short names are easier to remember and type, e.g., 'NamerAI'"
Make it easy to spell and pronounce,"Avoid complex spellings, e.g., 'Brandify' is easy to spell and pronounce"
Ensure it is unique and memorable,"Ensure uniqueness by blending words or using AI-generated names, e.g., 'NameGenius'"
Check domain name availability,"Check if the .com domain is available before finalizing the name, e.g., 'NameBot'"
Avoid numbers and special characters,"Avoid special characters or numbers, making it easy to type, e.g., 'AIBrandLab'"
Make it relevant to the industry,"Make the name relevant to AI and branding, e.g., 'NameCraft'"
Ensure it’s legally available (trademark check),"Check trademarks to avoid legal issues, e.g., 'BrandForge'"
Consider international appeal,"Ensure it works well in different languages, avoiding difficult phonetics, e.g., 'BrandSmith'"
Use positive connotations,"Use words with positive associations, e.g., 'NameNest'"
Ensure it aligns with brand values,"Align the name with your brand's vision, e.g., 'NameElevate'"
Keep it short and simple,"Short names are easier to remember and type, e.g., 'NamerAI'"
Make it easy to spell and pronounce,"Avoid complex spellings, e.g., 'Brandify' is easy to spell and pronounce"
Ensure it is unique and memorable,"Ensure uniqueness by blending words or using AI-generated names, e.g., 'NameGenius'"
Check domain name availability,"Check if the .com domain is available before finalizing the name, e.g., 'NameBot'"
Avoid numbers and special characters,"Avoid special characters or numbers, making it easy to type, e.g., 'AIBrandLab'"
Make it relevant to the industry,"Make the name relevant to AI and branding, e.g., 'NameCraft'"
Ensure it’s legally available (trademark check),"Check trademarks to avoid legal issues, e.g., 'BrandForge'"
Consider international appeal,"Ensure it works well in different languages, avoiding difficult phonetics, e.g., 'BrandSmith'"
Use positive connotations,"Use words with positive associations, e.g., 'NameNest'"
Ensure it aligns with brand values,"Align the name with your brand's vision, e.g., 'NameElevate'"
Keep it short and simple,"Short names are easier to remember and type, e.g., 'NamerAI'"
Make it easy to spell and pronounce,"Avoid complex spellings, e.g., 'Brandify' is easy to spell and pronounce"
Ensure it is unique and memorable,"Ensure uniqueness by blending words or using AI-generated names, e.g., 'NameGenius'"
Check domain name availability,"Check if the .com domain is available before finalizing the name, e.g., 'NameBot'"
Avoid numbers and special characters,"Avoid special characters or numbers, making it easy to type, e.g., 'AIBrandLab'"
Make it relevant to the industry,"Make the name relevant to AI and branding, e.g., 'NameCraft'"
Ensure it’s legally available (trademark check),"Check trademarks to avoid legal issues, e.g., 'BrandForge'"
Consider international appeal,"Ensure it works well in different languages, avoiding difficult phonetics, e.g., 'BrandSmith'"
Use positive connotations,"Use words with positive associations, e.g., 'NameNest'"
Ensure it aligns with brand values,"Align the name with your brand's vision, e.g., 'NameElevate'"
Keep it short and simple,"Short names are easier to remember and type, e.g., 'NamerAI'"
Make it easy to spell and pronounce,"Avoid complex spellings, e.g., 'Brandify' is easy to spell and pronounce"
Ensure it is unique and memorable,"Ensure uniqueness by blending words or using AI-generated names, e.g., 'NameGenius'"
Check domain name availability,"Check if the .com domain is available before finalizing the name, e.g., 'NameBot'"
Avoid numbers and special characters,"Avoid special characters or numbers, making it easy to type, e.g., 'AIBrandLab'"
Make it relevant to the industry,"Make the name relevant to AI and branding, e.g., 'NameCraft'"
Ensure it’s legally available (trademark check),"Check trademarks to avoid legal issues, e.g., 'BrandForge'"
Consider international appeal,"Ensure it works well in different languages, avoiding difficult phonetics, e.g., 'BrandSmith'"
Use positive connotations,"Use words with positive associations, e.g., 'NameNest'"
Ensure it aligns with brand values,"Align the name with your brand's vision, e.g., 'NameElevate'"
Keep it short and simple,"Short names are easier to remember and type, e.g., 'NamerAI'"
Make it easy to spell and pronounce,"Avoid complex spellings, e.g., 'Brandify' is easy to spell and pronounce"
Ensure it is unique and memorable,"Ensure uniqueness by blending words or using AI-generated names, e.g., 'NameGenius'"
Check domain name availability,"Check if the .com domain is available before finalizing the name, e.g., 'NameBot'"
Avoid numbers and special characters,"Avoid special characters or numbers, making it easy to type, e.g., 'AIBrandLab'"
Make it relevant to the industry,"Make the name relevant to AI and branding, e.g., 'NameCraft'"
Ensure it’s legally available (trademark check),"Check trademarks to avoid legal issues, e.g., 'BrandForge'"
Consider international appeal,"Ensure it works well in different languages, avoiding difficult phonetics, e.g., 'BrandSmith'"
Use positive connotations,"Use words with positive associations, e.g., 'NameNest'"
Ensure it aligns with brand values,"Align the name with your brand's vision, e.g., 'NameElevate'"
Keep it short and simple,"Short names are easier to remember and type, e.g., 'NamerAI'"
Make it easy to spell and pronounce,"Avoid complex spellings, e.g., 'Brandify' is easy to spell and pronounce"
Ensure it is unique and memorable,"Ensure uniqueness by blending words or using AI-generated names, e.g., 'NameGenius'"
Check domain name availability,"Check if the .com domain is available before finalizing the name, e.g., 'NameBot'"
Avoid numbers and special characters,"Avoid special characters or numbers, making it easy to type, e.g., 'AIBrandLab'"
Make it relevant to the industry,"Make the name relevant to AI and branding, e.g., 'NameCraft'"
Ensure it’s legally available (trademark check),"Check trademarks to avoid legal issues, e.g., 'BrandForge'"
Consider international appeal,"Ensure it works well in different languages, avoiding difficult phonetics, e.g., 'BrandSmith'"
Use positive connotations,"Use words with positive associations, e.g., 'NameNest'"
Ensure it aligns with brand values,"Align the name with your brand's vision, e.g., 'NameElevate'"
Keep it short and simple,"Short names are easier to remember and type, e.g., 'NamerAI'"
Make it easy to spell and pronounce,"Avoid complex spellings, e.g., 'Brandify' is easy to spell and pronounce"
Ensure it is unique and memorable,"Ensure uniqueness by blending words or using AI-generated names, e.g., 'NameGenius'"
Check domain name availability,"Check if the .com domain is available before finalizing the name, e.g., 'NameBot'"
Avoid numbers and special characters,"Avoid special characters or numbers, making it easy to type, e.g., 'AIBrandLab'"
Make it relevant to the industry,"Make the name relevant to AI and branding, e.g., 'NameCraft'"
Ensure it’s legally available (trademark check),"Check trademarks to avoid legal issues, e.g., 'BrandForge'"
Consider international appeal,"Ensure it works well in different languages, avoiding difficult phonetics, e.g., 'BrandSmith'"
Use positive connotations,"Use words with positive associations, e.g., 'NameNest'"
Ensure it aligns with brand values,"Align the name with your brand's vision, e.g., 'NameElevate'"
Keep it short and simple,"Short names are easier to remember and type, e.g., 'NamerAI'"
Make it easy to spell and pronounce,"Avoid complex spellings, e.g., 'Brandify' is easy to spell and pronounce"
Ensure it is unique and memorable,"Ensure uniqueness by blending words or using AI-generated names, e.g., 'NameGenius'"
Check domain name availability,"Check if the .com domain is available before finalizing the name, e.g., 'NameBot'"
Avoid numbers and special characters,"Avoid special characters or numbers, making it easy to type, e.g., 'AIBrandLab'"
Make it relevant to the industry,"Make the name relevant to AI and branding, e.g., 'NameCraft'"
Ensure it’s legally available (trademark check),"Check trademarks to avoid legal issues, e.g., 'BrandForge'"
Consider international appeal,"Ensure it works well in different languages, avoiding difficult phonetics, e.g., 'BrandSmith'"
Use positive connotations,"Use words with positive associations, e.g., 'NameNest'"
Ensure it aligns with brand values,"Align the name with your brand's vision, e.g., 'NameElevate'"
Keep it short and simple,"Short names are easier to remember and type, e.g., 'NamerAI'"
Make it easy to spell and pronounce,"Avoid complex spellings, e.g., 'Brandify' is easy to spell and pronounce"
Ensure it is unique and memorable,"Ensure uniqueness by blending words or using AI-generated names, e.g., 'NameGenius'"
Check domain name availability,"Check if the .com domain is available before finalizing the name, e.g., 'NameBot'"
Avoid numbers and special characters,"Avoid special characters or numbers, making it easy to type, e.g., 'AIBrandLab'"
Make it relevant to the industry,"Make the name relevant to AI and branding, e.g., 'NameCraft'"
Ensure it’s legally available (trademark check),"Check trademarks to avoid legal issues, e.g., 'BrandForge'"
Consider international appeal,"Ensure it works well in different languages, avoiding difficult phonetics, e.g., 'BrandSmith'"
Use positive connotations,"Use words with positive associations, e.g., 'NameNest'"
Ensure it aligns with brand values,"Align the name with your brand's vision, e.g., 'NameElevate'"
Keep it short and simple,"Short names are easier to remember and type, e.g., 'NamerAI'"
Make it easy to spell and pronounce,"Avoid complex spellings, e.g., 'Brandify' is easy to spell and pronounce"
Ensure it is unique and memorable,"Ensure uniqueness by blending words or using AI-generated names, e.g., 'NameGenius'"
Check domain name availability,"Check if the .com domain is available before finalizing the name, e.g., 'NameBot'"
Avoid numbers and special characters,"Avoid special characters or numbers, making it easy to type, e.g., 'AIBrandLab'"
Make it relevant to the industry,"Make the name relevant to AI and branding, e.g., 'NameCraft'"
Ensure it’s legally available (trademark check),"Check trademarks to avoid legal issues, e.g., 'BrandForge'"
Consider international appeal,"Ensure it works well in different languages, avoiding difficult phonetics, e.g., 'BrandSmith'"
Use positive connotations,"Use words with positive associations, e.g., 'NameNest'"
Ensure it aligns with brand values,"Align the name with your brand's vision, e.g., 'NameElevate'"
